window_h,lead_h,grade,threshold_mm,AROC,BS,BS_ref,BSS,base_rate,n_points,n_used
6,6,≥0.1,0.1,0.864396,0.224624,0.119937,-0.872851,0.153048,3.65923e+06,
6,6,≥4,4,0.91901,0.0314634,0.0354217,0.11175,0.0385625,3.65923e+06,
6,6,≥13,13,0.795167,0.0103857,0.0116907,0.11163,0.0121632,3.65923e+06,
6,6,≥25,25,0.66535,0.00399169,0.00413641,0.0349869,0.00422028,3.65923e+06,
6,6,AVG,,0.810981,0.0676163,,-0.153621,,,4
6,12,≥0.1,0.1,0.891385,0.198975,0.120774,-0.6475,0.157212,3.66334e+06,
6,12,≥4,4,0.906605,0.0396956,0.0401949,0.0124222,0.044577,3.66334e+06,
6,12,≥13,13,0.747533,0.0129385,0.013682,0.0543415,0.0143541,3.66334e+06,
6,12,≥25,25,0.605885,0.00493168,0.00493964,0.00161157,0.00506122,3.66334e+06,
6,12,AVG,,0.787852,0.0641352,,-0.144781,,,4
6,18,≥0.1,0.1,0.90504,0.131965,0.118751,-0.111276,0.151104,3.66348e+06,
6,18,≥4,4,0.878456,0.0305894,0.0346374,0.116869,0.0372447,3.66348e+06,
6,18,≥13,13,0.730471,0.010072,0.0109236,0.0779566,0.0112767,3.66348e+06,
6,18,≥25,25,0.626415,0.00388615,0.0039789,0.0233091,0.00405025,3.66348e+06,
6,18,AVG,,0.785095,0.0441282,,0.0267147,,,4
6,24,≥0.1,0.1,0.905477,0.12944,0.125684,-0.0298853,0.165117,3.66013e+06,
6,24,≥4,4,0.91914,0.0298228,0.0386974,0.229334,0.0423209,3.66013e+06,
6,24,≥13,13,0.811646,0.0115349,0.013585,0.150911,0.0141675,3.66013e+06,
6,24,≥25,25,0.692871,0.00499639,0.00528142,0.0539673,0.00540418,3.66013e+06,
6,24,AVG,,0.832283,0.0439485,,0.101082,,,4
6,30,≥0.1,0.1,0.863886,0.217793,0.119983,-0.815194,0.153113,3.65923e+06,
6,30,≥4,4,0.916021,0.0308577,0.0354208,0.128827,0.0385617,3.65923e+06,
6,30,≥13,13,0.800967,0.0102761,0.0116907,0.121006,0.0121632,3.65923e+06,
6,30,≥25,25,0.667977,0.00396578,0.00413641,0.0412493,0.00422029,3.65923e+06,
6,30,AVG,,0.812213,0.065723,,-0.131028,,,4
6,36,≥0.1,0.1,0.886412,0.193853,0.120859,-0.603961,0.157324,3.66338e+06,
6,36,≥4,4,0.901966,0.0392039,0.0401955,0.0246693,0.0445777,3.66338e+06,
6,36,≥13,13,0.731204,0.0129514,0.0136818,0.0533889,0.014354,3.66338e+06,
6,36,≥25,25,0.602064,0.00491127,0.0049396,0.00573524,0.00506118,3.66338e+06,
6,36,AVG,,0.780411,0.06273,,-0.130042,,,4
6,42,≥0.1,0.1,0.898645,0.130748,0.118903,-0.0996148,0.151307,3.66349e+06,
6,42,≥4,4,0.876304,0.0308986,0.0346612,0.108552,0.0372691,3.66349e+06,
6,42,≥13,13,0.728155,0.0103431,0.0109235,0.0531385,0.0112767,3.66349e+06,
6,42,≥25,25,0.62125,0.00392141,0.00397888,0.0144427,0.00405023,3.66349e+06,
6,42,AVG,,0.781089,0.0439777,,0.0191296,,,4
6,48,≥0.1,0.1,0.898822,0.129697,0.125897,-0.0301825,0.165398,3.66016e+06,
6,48,≥4,4,0.913469,0.0313577,0.0387627,0.191035,0.042388,3.66016e+06,
6,48,≥13,13,0.80035,0.0120174,0.013592,0.115849,0.0141745,3.66016e+06,
6,48,≥25,25,0.679602,0.00511473,0.00528165,0.0316039,0.0054044,3.66016e+06,
6,48,AVG,,0.823061,0.0445466,,0.0770762,,,4
6,54,≥0.1,0.1,0.856291,0.217048,0.120236,-0.805182,0.153446,3.65925e+06,
6,54,≥4,4,0.911327,0.0323806,0.0355346,0.0887589,0.0386796,3.65925e+06,
6,54,≥13,13,0.797638,0.0106022,0.0117054,0.0942406,0.0121779,3.65925e+06,
6,54,≥25,25,0.664184,0.00401593,0.00413639,0.029122,0.00422027,3.65925e+06,
6,54,AVG,,0.80736,0.0660118,,-0.148265,,,4
6,60,≥0.1,0.1,0.878978,0.193158,0.121187,-0.593886,0.157739,3.66337e+06,
6,60,≥4,4,0.899391,0.0401138,0.0402907,0.00439061,0.0446772,3.66337e+06,
6,60,≥13,13,0.743602,0.0131305,0.0136981,0.0414393,0.0143704,3.66337e+06,
6,60,≥25,25,0.613632,0.00494787,0.00493987,-0.00161981,0.00506147,3.66337e+06,
6,60,AVG,,0.783901,0.0628376,,-0.137419,,,4
6,66,≥0.1,0.1,0.892021,0.131699,0.11919,-0.104951,0.151706,3.65349e+06,
6,66,≥4,4,0.87621,0.0315592,0.0347549,0.0919496,0.0373708,3.65349e+06,
6,66,≥13,13,0.735996,0.0105463,0.0109531,0.0371406,0.0113073,3.65349e+06,
6,66,≥25,25,0.634578,0.00395585,0.00398977,0.00850143,0.00406132,3.65349e+06,
6,66,AVG,,0.784701,0.0444401,,0.00816005,,,4
6,72,≥0.1,0.1,0.892277,0.130764,0.126174,-0.0363806,0.165802,3.65019e+06,
6,72,≥4,4,0.911099,0.0323875,0.0388664,0.166699,0.0425027,3.65019e+06,
6,72,≥13,13,0.822565,0.0122846,0.0136291,0.0986484,0.0142132,3.65019e+06,
6,72,≥25,25,0.716496,0.00515,0.00529607,0.0275819,0.00541917,3.65019e+06,
6,72,AVG,,0.835609,0.0451465,,0.0641372,,,4
6,78,≥0.1,0.1,0.850432,0.21175,0.120465,-0.757778,0.153769,3.64923e+06,
6,78,≥4,4,0.906081,0.0324937,0.0356291,0.088002,0.0387835,3.64923e+06,
6,78,≥13,13,0.808891,0.0108613,0.0117369,0.0746048,0.0122108,3.64923e+06,
6,78,≥25,25,0.671904,0.00407828,0.00414747,0.0166815,0.00423158,3.64923e+06,
6,78,AVG,,0.809327,0.0647959,,-0.144623,,,4
6,84,≥0.1,0.1,0.86872,0.191447,0.121379,-0.577261,0.158012,3.65335e+06,
6,84,≥4,4,0.892832,0.0402892,0.0403843,0.00235512,0.044783,3.65335e+06,
6,84,≥13,13,0.740502,0.0133268,0.0137357,0.0297679,0.0144098,3.65335e+06,
6,84,≥25,25,0.605229,0.00496952,0.00495341,-0.00325103,0.00507535,3.65335e+06,
6,84,AVG,,0.776821,0.0625081,,-0.137097,,,4
6,90,≥0.1,0.1,0.88203,0.131804,0.119376,-0.104111,0.151968,3.64349e+06,
6,90,≥4,4,0.866797,0.0323841,0.0348474,0.0706884,0.0374712,3.64349e+06,
6,90,≥13,13,0.727346,0.0108483,0.0109832,0.0122765,0.0113383,3.64349e+06,
6,90,≥25,25,0.622595,0.00401989,0.00400071,-0.00479419,0.00407247,3.64349e+06,
6,90,AVG,,0.774692,0.0447641,,-0.00648504,,,4
6,96,≥0.1,0.1,0.882216,0.132039,0.12641,-0.0445292,0.166159,3.64022e+06,
6,96,≥4,4,0.894547,0.0342162,0.0389708,0.122004,0.042618,3.64022e+06,
6,96,≥13,13,0.799998,0.0126898,0.0136661,0.0714388,0.0142519,3.64022e+06,
6,96,≥25,25,0.691711,0.00521677,0.00531032,0.0176154,0.00543374,3.64022e+06,
6,96,AVG,,0.817118,0.0460405,,0.0416323,,,4
6,102,≥0.1,0.1,0.83991,0.211819,0.120692,-0.755036,0.154091,3.63923e+06,
6,102,≥4,4,0.893408,0.0342274,0.0357206,0.0418024,0.0388843,3.63923e+06,
6,102,≥13,13,0.792855,0.0111135,0.0117692,0.0557086,0.0122443,3.63923e+06,
6,102,≥25,25,0.66704,0.00411154,0.00415886,0.0113771,0.0042432,3.63923e+06,
6,102,AVG,,0.798303,0.065318,,-0.161537,,,4
6,108,≥0.1,0.1,0.85688,0.190868,0.121657,-0.568904,0.158406,3.64333e+06,
6,108,≥4,4,0.882439,0.0414276,0.0404939,-0.0230584,0.0449053,3.64333e+06,
6,108,≥13,13,0.741949,0.0135506,0.0137732,0.0161622,0.0144491,3.64333e+06,
6,108,≥25,25,0.610844,0.00498104,0.00496676,-0.00287422,0.00508902,3.64333e+06,
6,108,AVG,,0.773028,0.0627068,,-0.144668,,,4
6,114,≥0.1,0.1,0.869563,0.133804,0.119655,-0.118253,0.152362,3.63351e+06,
6,114,≥4,4,0.860055,0.0331364,0.0349421,0.0516763,0.0375739,3.63351e+06,
6,114,≥13,13,0.72055,0.0109344,0.0110133,0.00716499,0.0113695,3.63351e+06,
6,114,≥25,25,0.621886,0.00402783,0.0040117,-0.00402165,0.00408366,3.63351e+06,
6,114,AVG,,0.768014,0.0454757,,-0.0158584,,,4
6,120,≥0.1,0.1,0.870843,0.133152,0.1267,-0.0509267,0.166584,3.63027e+06,
6,120,≥4,4,0.885299,0.0353335,0.0390761,0.095779,0.0427343,3.63027e+06,
6,120,≥13,13,0.794833,0.0129779,0.0137033,0.0529368,0.0142907,3.63027e+06,
6,120,≥25,25,0.694642,0.00526383,0.00532462,0.0114165,0.00544836,3.63027e+06,
6,120,AVG,,0.811404,0.0466819,,0.0273014,,,4
6,126,≥0.1,0.1,0.827343,0.210067,0.12095,-0.736813,0.154453,3.62925e+06,
6,126,≥4,4,0.881979,0.0349715,0.0358178,0.023627,0.038991,3.62925e+06,
6,126,≥13,13,0.786084,0.0112079,0.0118015,0.0502955,0.012278,3.62925e+06,
6,126,≥25,25,0.662351,0.00410715,0.0041703,0.015143,0.00425488,3.62925e+06,
6,126,AVG,,0.789439,0.0650885,,-0.161937,,,4
6,132,≥0.1,0.1,0.841063,0.191672,0.121926,-0.572044,0.158789,3.63334e+06,
6,132,≥4,4,0.868808,0.0421737,0.0406034,-0.0386758,0.0450275,3.63334e+06,
6,132,≥13,13,0.723571,0.0137644,0.0138108,0.00335691,0.0144886,3.63334e+06,
6,132,≥25,25,0.602417,0.00501812,0.00498016,-0.0076212,0.00510275,3.63334e+06,
6,132,AVG,,0.758965,0.0631572,,-0.153746,,,4
6,138,≥0.1,0.1,0.852956,0.135256,0.119899,-0.128089,0.152701,3.62353e+06,
6,138,≥4,4,0.840486,0.0339811,0.0350369,0.0301342,0.0376768,3.62353e+06,
6,138,≥13,13,0.705104,0.0110606,0.0110436,-0.00153842,0.0114007,3.62353e+06,
6,138,≥25,25,0.607662,0.00403535,0.00402274,-0.00313541,0.0040949,3.62353e+06,
6,138,AVG,,0.751552,0.0460834,,-0.0256572,,,4
6,144,≥0.1,0.1,0.855369,0.135303,0.126908,-0.0661452,0.166897,3.62032e+06,
6,144,≥4,4,0.866537,0.0367789,0.0391789,0.0612582,0.0428481,3.62032e+06,
6,144,≥13,13,0.781878,0.0133386,0.0137407,0.0292582,0.0143297,3.62032e+06,
6,144,≥25,25,0.672033,0.00532469,0.00533898,0.00267693,0.00546305,3.62032e+06,
6,144,AVG,,0.793954,0.0476862,,0.00676204,,,4
6,150,≥0.1,0.1,0.813641,0.208733,0.121106,-0.723562,0.154682,3.61927e+06,
6,150,≥4,4,0.865476,0.0356705,0.0359074,0.00659763,0.0390902,3.61927e+06,
6,150,≥13,13,0.776478,0.0114213,0.011834,0.0348746,0.0123119,3.61927e+06,
6,150,≥25,25,0.649205,0.00417284,0.00418179,0.00214024,0.00426661,3.61927e+06,
6,150,AVG,,0.7762,0.0649995,,-0.169987,,,4
6,156,≥0.1,0.1,0.824859,0.191679,0.122052,-0.570475,0.158995,3.62334e+06,
6,156,≥4,4,0.854452,0.0429439,0.0407126,-0.0548063,0.0451494,3.62334e+06,
6,156,≥13,13,0.722387,0.0139586,0.0138486,-0.00794685,0.0145283,3.62334e+06,
6,156,≥25,25,0.587644,0.00506037,0.00499362,-0.0133664,0.00511654,3.62334e+06,
6,156,AVG,,0.747335,0.0634105,,-0.161649,,,4
6,162,≥0.1,0.1,0.835314,0.13728,0.12001,-0.143909,0.152872,3.61356e+06,
6,162,≥4,4,0.822848,0.0353493,0.0351303,-0.00623467,0.0377782,3.61356e+06,
6,162,≥13,13,0.700953,0.0112426,0.0110735,-0.01527,0.0114317,3.61356e+06,
6,162,≥25,25,0.608747,0.00407248,0.00403357,-0.0096464,0.00410592,3.61356e+06,
6,162,AVG,,0.741965,0.0469861,,-0.0437651,,,4
6,168,≥0.1,0.1,0.838658,0.137904,0.12704,-0.0855156,0.167102,3.61038e+06,
6,168,≥4,4,0.852714,0.0380312,0.0392811,0.0318205,0.0429614,3.61038e+06,
6,168,≥13,13,0.772378,0.0135913,0.0137777,0.0135275,0.0143683,3.61038e+06,
6,168,≥25,25,0.66667,0.00536962,0.00535341,-0.00302831,0.00547782,3.61038e+06,
6,168,AVG,,0.782605,0.0487239,,-0.010799,,,4
6,174,≥0.1,0.1,0.796179,0.208983,0.1212,-0.724284,0.154829,3.6093e+06,
6,174,≥4,4,0.850049,0.0367249,0.0359944,-0.0202943,0.0391863,3.6093e+06,
6,174,≥13,13,0.757895,0.0117224,0.0118651,0.0120202,0.0123442,3.6093e+06,
6,174,≥25,25,0.636154,0.00421417,0.00419308,-0.0050305,0.00427812,3.6093e+06,
6,174,AVG,,0.760069,0.0654111,,-0.184397,,,4
6,180,≥0.1,0.1,0.807336,0.191137,0.12214,-0.564895,0.159165,3.61336e+06,
6,180,≥4,4,0.841863,0.0432668,0.0408055,-0.0603163,0.0452546,3.61336e+06,
6,180,≥13,13,0.723271,0.0140387,0.0138855,-0.011032,0.0145671,3.61336e+06,
6,180,≥25,25,0.592432,0.00507739,0.00500742,-0.0139746,0.00513068,3.61336e+06,
6,180,AVG,,0.741226,0.06338,,-0.162555,,,4
6,186,≥0.1,0.1,0.812838,0.140337,0.120096,-0.168535,0.153009,3.60358e+06,
6,186,≥4,4,0.808048,0.0355986,0.0352124,-0.0109673,0.0378681,3.60358e+06,
6,186,≥13,13,0.684066,0.0112649,0.0111037,-0.0145188,0.0114628,3.60358e+06,
6,186,≥25,25,0.588282,0.00407883,0.00404447,-0.00849454,0.00411701,3.60358e+06,
6,186,AVG,,0.723308,0.0478198,,-0.050629,,,4
6,192,≥0.1,0.1,0.816176,0.141873,0.12712,-0.116056,0.167224,3.60043e+06,
6,192,≥4,4,0.829503,0.0390401,0.0393486,0.00784122,0.0430379,3.60043e+06,
6,192,≥13,13,0.752429,0.0138499,0.0138154,-0.00249756,0.0144077,3.60043e+06,
6,192,≥25,25,0.649351,0.00541265,0.00536793,-0.00833223,0.00549267,3.60043e+06,
6,192,AVG,,0.761865,0.050044,,-0.0297611,,,4
6,198,≥0.1,0.1,0.775567,0.210895,0.121277,-0.738958,0.154934,3.59931e+06,
6,198,≥4,4,0.83112,0.0373409,0.0360662,-0.035344,0.0392658,3.59931e+06,
6,198,≥13,13,0.750603,0.0119112,0.0118977,-0.00113454,0.0123782,3.59931e+06,
6,198,≥25,25,0.621687,0.00423813,0.00420471,-0.00794824,0.00428999,3.59931e+06,
6,198,AVG,,0.744744,0.0660963,,-0.195846,,,4
6,204,≥0.1,0.1,0.786132,0.194492,0.12234,-0.589774,0.15945,3.60336e+06,
6,204,≥4,4,0.830238,0.0434348,0.0409099,-0.0617187,0.0453718,3.60336e+06,
6,204,≥13,13,0.718183,0.0141145,0.0139235,-0.0137211,0.0146069,3.60336e+06,
6,204,≥25,25,0.585318,0.0050983,0.00502077,-0.0154419,0.00514436,3.60336e+06,
6,204,AVG,,0.729968,0.064285,,-0.170164,,,4
6,210,≥0.1,0.1,0.792177,0.143397,0.12033,-0.191693,0.15334,3.5936e+06,
6,210,≥4,4,0.793086,0.0358267,0.0353082,-0.0146844,0.0379722,3.5936e+06,
6,210,≥13,13,0.684806,0.0113074,0.0111342,-0.0155485,0.0114943,3.5936e+06,
6,210,≥25,25,0.590225,0.00409961,0.00405543,-0.010893,0.00412817,3.5936e+06,
6,210,AVG,,0.715073,0.0486577,,-0.0582047,,,4
6,216,≥0.1,0.1,0.795438,0.144969,0.127335,-0.138482,0.16756,3.59048e+06,
6,216,≥4,4,0.814438,0.0396676,0.039453,-0.00544157,0.0431536,3.59048e+06,
6,216,≥13,13,0.741631,0.0139716,0.0138537,-0.008513,0.0144477,3.59048e+06,
6,216,≥25,25,0.637623,0.00543971,0.00538281,-0.0105707,0.0055079,3.59048e+06,
6,216,AVG,,0.747282,0.0510119,,-0.0407518,,,4
6,222,≥0.1,0.1,0.757115,0.209014,0.121425,-0.72134,0.155158,3.58934e+06,
6,222,≥4,4,0.815295,0.0377977,0.0361621,-0.0452297,0.0393713,3.58934e+06,
6,222,≥13,13,0.739351,0.0120239,0.0119307,-0.00781055,0.0124126,3.58934e+06,
6,222,≥25,25,0.613688,0.00427319,0.00421638,-0.0134723,0.00430191,3.58934e+06,
6,222,AVG,,0.731362,0.0657772,,-0.196963,,,4
6,228,≥0.1,0.1,0.768818,0.192045,0.122547,-0.567108,0.15976,3.59335e+06,
6,228,≥4,4,0.818189,0.0435334,0.0410204,-0.0612612,0.0454954,3.59335e+06,
6,228,≥13,13,0.715674,0.0142064,0.0139612,-0.0175623,0.0146465,3.59335e+06,
6,228,≥25,25,0.580358,0.00512365,0.0050345,-0.0177088,0.00515841,3.59335e+06,
6,228,AVG,,0.72076,0.0637271,,-0.16591,,,4
6,234,≥0.1,0.1,0.77548,0.141793,0.120545,-0.176273,0.153651,3.5836e+06,
6,234,≥4,4,0.785139,0.0358102,0.0353999,-0.0115896,0.0380718,3.5836e+06,
6,234,≥13,13,0.680873,0.0113474,0.0111653,-0.01631,0.0115264,3.5836e+06,
6,234,≥25,25,0.592074,0.00411647,0.00406675,-0.0122266,0.00413969,3.5836e+06,
6,234,AVG,,0.708392,0.0482668,,-0.0540998,,,4
6,240,≥0.1,0.1,0.779978,0.144205,0.127568,-0.130422,0.167915,3.58051e+06,
6,240,≥4,4,0.798842,0.0398635,0.03956,-0.00767216,0.0432723,3.58051e+06,
6,240,≥13,13,0.730403,0.0140146,0.0138917,-0.0088503,0.0144873,3.58051e+06,
6,240,≥25,25,0.630849,0.00546432,0.00539779,-0.0123262,0.00552324,3.58051e+06,
6,240,AVG,,0.735018,0.0508869,,-0.0398178,,,4
6,246,≥0.1,0.1,0.741387,0.206764,0.121615,-0.700147,0.155447,3.57936e+06,
6,246,≥4,4,0.792074,0.0379523,0.036259,-0.0466982,0.0394783,3.57936e+06,
6,246,≥13,13,0.727921,0.0120634,0.0119639,-0.00831587,0.0124472,3.57936e+06,
6,246,≥25,25,0.625289,0.00427248,0.00422813,-0.0104897,0.0043139,3.57936e+06,
6,246,AVG,,0.721668,0.065263,,-0.191413,,,4
6,252,≥0.1,0.1,0.752695,0.190567,0.122777,-0.552134,0.160109,3.58335e+06,
6,252,≥4,4,0.799324,0.0436482,0.0411327,-0.0611551,0.045621,3.58335e+06,
6,252,≥13,13,0.70792,0.0142416,0.0139999,-0.0172692,0.0146871,3.58335e+06,
6,252,≥25,25,0.588683,0.00513051,0.00504828,-0.0162885,0.00517253,3.58335e+06,
6,252,AVG,,0.712156,0.0633968,,-0.161712,,,4
6,258,≥0.1,0.1,0.757237,0.142468,0.120828,-0.1791,0.154058,3.57361e+06,
6,258,≥4,4,0.76395,0.036157,0.035497,-0.0185947,0.0381773,3.57361e+06,
6,258,≥13,13,0.662482,0.0113703,0.0111959,-0.0155718,0.011558,3.57361e+06,
6,258,≥25,25,0.583397,0.00412719,0.00407811,-0.0120353,0.00415126,3.57361e+06,
6,258,AVG,,0.691767,0.0485306,,-0.0563254,,,4
6,264,≥0.1,0.1,0.763041,0.145293,0.127873,-0.13623,0.168372,3.57054e+06,
6,264,≥4,4,0.781887,0.0402342,0.0396681,-0.014269,0.0433923,3.57054e+06,
6,264,≥13,13,0.720636,0.0140859,0.0139302,-0.0111758,0.0145275,3.57054e+06,
6,264,≥25,25,0.623366,0.00548464,0.00541258,-0.0133134,0.00553837,3.57054e+06,
6,264,AVG,,0.722232,0.0512743,,-0.0437471,,,4
6,270,≥0.1,0.1,0.729618,0.204867,0.121876,-0.680943,0.155822,3.56939e+06,
6,270,≥4,4,0.778749,0.037953,0.0363554,-0.0439453,0.0395847,3.56939e+06,
6,270,≥13,13,0.718712,0.0121229,0.0119973,-0.0104678,0.012482,3.56939e+06,
6,270,≥25,25,0.614529,0.00428827,0.00423994,-0.0113989,0.00432595,3.56939e+06,
6,270,AVG,,0.710402,0.0648078,,-0.186689,,,4
6,276,≥0.1,0.1,0.737048,0.191227,0.123049,-0.55407,0.160508,3.57334e+06,
6,276,≥4,4,0.786481,0.0438972,0.0412443,-0.0643218,0.0457459,3.57334e+06,
6,276,≥13,13,0.686215,0.0143685,0.0140391,-0.0234677,0.0147282,3.57334e+06,
6,276,≥25,25,0.569011,0.00515929,0.00506241,-0.0191369,0.00518702,3.57334e+06,
6,276,AVG,,0.694689,0.063663,,-0.165249,,,4
6,282,≥0.1,0.1,0.738333,0.14368,0.121091,-0.186542,0.154445,3.56362e+06,
6,282,≥4,4,0.745597,0.0364395,0.0355944,-0.0237439,0.0382833,3.56362e+06,
6,282,≥13,13,0.654496,0.0114119,0.0112265,-0.0165166,0.0115896,3.56362e+06,
6,282,≥25,25,0.571524,0.00414504,0.00408927,-0.0136395,0.00416262,3.56362e+06,
6,282,AVG,,0.677487,0.048919,,-0.0601105,,,4
6,288,≥0.1,0.1,0.747366,0.146763,0.128154,-0.14521,0.168802,3.56058e+06,
6,288,≥4,4,0.769019,0.0405362,0.0397763,-0.0191021,0.0435124,3.56058e+06,
6,288,≥13,13,0.701983,0.0142015,0.0139683,-0.0166885,0.0145673,3.56058e+06,
6,288,≥25,25,0.603035,0.00551318,0.00542746,-0.0157936,0.0055536,3.56058e+06,
6,288,AVG,,0.705351,0.0517534,,-0.0491987,,,4
6,294,≥0.1,0.1,0.718785,0.203377,0.122135,-0.665183,0.156206,3.5594e+06,
6,294,≥4,4,0.76718,0.0380282,0.0364552,-0.0431493,0.0396949,3.5594e+06,
6,294,≥13,13,0.700231,0.0122002,0.0120304,-0.0141151,0.0125164,3.5594e+06,
6,294,≥25,25,0.600821,0.00430728,0.00425156,-0.0131071,0.00433781,3.5594e+06,
6,294,AVG,,0.696754,0.0644782,,-0.183889,,,4
6,300,≥0.1,0.1,0.728277,0.189683,0.123292,-0.538481,0.160879,3.56334e+06,
6,300,≥4,4,0.777094,0.0438603,0.0413575,-0.060516,0.0458727,3.56334e+06,
6,300,≥13,13,0.688096,0.0143826,0.0140785,-0.0216027,0.0147696,3.56334e+06,
6,300,≥25,25,0.571256,0.00517121,0.00507663,-0.0186316,0.00520159,3.56334e+06,
6,300,AVG,,0.691181,0.0632743,,-0.159808,,,4
6,306,≥0.1,0.1,0.72575,0.143704,0.121284,-0.184859,0.154748,3.55362e+06,
6,306,≥4,4,0.728263,0.0365228,0.0356887,-0.0233696,0.0383862,3.55362e+06,
6,306,≥13,13,0.650743,0.0114345,0.0112573,-0.0157422,0.0116214,3.55362e+06,
6,306,≥25,25,0.572812,0.00415656,0.00410077,-0.0136049,0.00417433,3.55362e+06,
6,306,AVG,,0.669392,0.0489545,,-0.059394,,,4
6,312,≥0.1,0.1,0.734095,0.147392,0.12834,-0.148451,0.169105,3.5506e+06,
6,312,≥4,4,0.753164,0.0406872,0.0398773,-0.0203099,0.043625,3.5506e+06,
6,312,≥13,13,0.688355,0.0142538,0.014007,-0.0176198,0.0146077,3.5506e+06,
6,312,≥25,25,0.599332,0.00552753,0.00544243,-0.0156368,0.00556892,3.5506e+06,
6,312,AVG,,0.693737,0.0519651,,-0.0505045,,,4
6,318,≥0.1,0.1,0.706744,0.204536,0.122313,-0.672229,0.156469,3.54943e+06,
6,318,≥4,4,0.750164,0.0381677,0.0365498,-0.0442652,0.0397996,3.54943e+06,
6,318,≥13,13,0.691679,0.0122507,0.0120639,-0.0154862,0.0125513,3.54943e+06,
6,318,≥25,25,0.598461,0.00432193,0.0042635,-0.013706,0.00434999,3.54943e+06,
6,318,AVG,,0.686762,0.0648191,,-0.186422,,,4
6,324,≥0.1,0.1,0.716961,0.190924,0.12351,-0.545812,0.161197,3.55336e+06,
6,324,≥4,4,0.768809,0.043941,0.0414668,-0.0596671,0.0459954,3.55336e+06,
6,324,≥13,13,0.680191,0.0144545,0.014118,-0.0238363,0.0148111,3.55336e+06,
6,324,≥25,25,0.564944,0.00519004,0.00509088,-0.0194764,0.0052162,3.55336e+06,
6,324,AVG,,0.682726,0.0636273,,-0.162198,,,4
6,330,≥0.1,0.1,0.71866,0.144471,0.121483,-0.189232,0.155032,3.54366e+06,
6,330,≥4,4,0.729012,0.03653,0.0357805,-0.0209459,0.0384865,3.54366e+06,
6,330,≥13,13,0.645122,0.0114715,0.0112889,-0.0161732,0.0116541,3.54366e+06,
6,330,≥25,25,0.567063,0.00416843,0.0041123,-0.0136498,0.00418607,3.54366e+06,
6,330,AVG,,0.664964,0.0491602,,-0.0600001,,,4
6,336,≥0.1,0.1,0.729777,0.147903,0.128587,-0.150219,0.169473,3.54066e+06,
6,336,≥4,4,0.754927,0.0405025,0.0399822,-0.0130144,0.0437419,3.54066e+06,
6,336,≥13,13,0.686672,0.0142938,0.014046,-0.0176444,0.0146484,3.54066e+06,
6,336,≥25,25,0.597888,0.00555046,0.00545771,-0.0169951,0.00558456,3.54066e+06,
6,336,AVG,,0.692316,0.0520624,,-0.0494682,,,4
6,342,≥0.1,0.1,0.705602,0.203052,0.122558,-0.656783,0.156824,3.53946e+06,
6,342,≥4,4,0.755798,0.0378235,0.0366502,-0.0320142,0.0399106,3.53946e+06,
6,342,≥13,13,0.688961,0.0123021,0.0120978,-0.0168859,0.0125867,3.53946e+06,
6,342,≥25,25,0.579829,0.00434374,0.00427551,-0.0159594,0.00436225,3.53946e+06,
6,342,AVG,,0.682547,0.0643802,,-0.180411,,,4
6,348,≥0.1,0.1,0.714425,0.190784,0.123776,-0.541365,0.161592,3.54336e+06,
6,348,≥4,4,0.767671,0.0438987,0.0415825,-0.0556995,0.0461251,3.54336e+06,
6,348,≥13,13,0.674926,0.0145105,0.0141578,-0.0249159,0.0148528,3.54336e+06,
6,348,≥25,25,0.557386,0.0052079,0.00510524,-0.0201091,0.0052309,3.54336e+06,
6,348,AVG,,0.678602,0.0636004,,-0.160522,,,4
6,354,≥0.1,0.1,0.710874,0.145436,0.12174,-0.194647,0.155409,3.53367e+06,
6,354,≥4,4,0.722772,0.0365845,0.0358799,-0.0196366,0.038595,3.53367e+06,
6,354,≥13,13,0.633924,0.0115233,0.0113207,-0.0178939,0.011687,3.53367e+06,
6,354,≥25,25,0.553645,0.00418675,0.00412392,-0.0152359,0.00419791,3.53367e+06,
6,354,AVG,,0.655304,0.0494326,,-0.0618534,,,4
6,360,≥0.1,0.1,0.721985,0.148944,0.128862,-0.155838,0.169897,3.53068e+06,
6,360,≥4,4,0.741193,0.0408418,0.0400932,-0.0186709,0.0438654,3.53068e+06,
6,360,≥13,13,0.678334,0.0143503,0.0140856,-0.0187906,0.0146898,3.53068e+06,
6,360,≥25,25,0.584236,0.00557241,0.00547312,-0.0181419,0.00560033,3.53068e+06,
6,360,AVG,,0.681437,0.0524271,,-0.0528604,,,4
